fecha,ndvi_media,ndvi_mediana,ndvi_min,ndvi_max,pixeles_validos
2000-02-18,0.5266,0.5913,-0.197,0.9973,24460
2000-03-05,0.5021,0.5303,-0.2,0.9305,24013
2000-03-21,0.5726,0.5703,-0.2,0.9302,23213
2000-04-06,0.5058,0.5166,-0.2,0.9242,23698
2000-04-22,0.4721,0.5072,-0.2,0.9465,24271
2000-05-08,0.4722,0.5187,-0.2,0.9595,24447
2000-05-24,0.4366,0.4439,-0.1981,0.9313,24538
2000-06-09,0.4926,0.5928,-0.1902,0.9576,24516
2000-06-25,0.637,0.7884,-0.2,0.9634,24474
2000-07-11,0.6012,0.7505,-0.1974,0.967,24531
2000-07-27,0.5352,0.6833,-0.2,0.9982,24490
2000-08-12,0.4861,0.6082,-0.2,0.9801,24520
2000-08-28,0.6299,0.7697,-0.2,0.9822,24480
2000-09-13,0.696,0.799,-0.2,0.9891,24387
2000-09-29,0.6564,0.7965,-0.2,0.9544,24487
2000-10-15,0.6598,0.7976,-0.2,0.994,24421
2000-10-31,0.748,0.8104,-0.2,0.9776,23164
2000-11-16,0.6659,0.7968,-0.2,0.9768,23934
2000-12-02,0.712,0.7839,-0.2,0.937,23297
2000-12-18,0.6055,0.7242,-0.2,0.9627,24069
2001-01-01,0.559,0.6745,-0.2,0.9966,24175
2001-01-17,0.6323,0.6833,-0.2,0.9493,23286
2001-02-02,0.5381,0.5799,-0.2,0.9331,23916
2001-02-18,0.5668,0.5686,-0.2,0.9321,23209
2001-03-06,0.5348,0.5488,-0.2,0.909,23883
2001-03-22,0.5059,0.5188,-0.2,0.95,23805
2001-04-07,0.4785,0.4955,-0.2,0.9307,23743
2001-04-23,0.4961,0.5039,-0.2,0.9248,24193
2001-05-09,0.404,0.4445,-0.2,1.0,24454
2001-05-25,0.6121,0.7025,-0.2,0.9583,24435
2001-06-10,0.4475,0.4672,-0.1917,0.9299,24134
2001-06-26,0.5245,0.7216,-0.2,0.9908,24442
2001-07-12,0.6628,0.7818,-0.2,0.9936,24340
2001-07-28,0.6184,0.7624,-0.1994,0.9615,24473
2001-08-13,0.6578,0.7707,-0.2,0.9776,24328
2001-08-29,0.6672,0.7871,-0.2,0.9954,24498
2001-09-14,0.6636,0.7848,-0.1995,0.9943,24311
2001-09-30,0.6952,0.8073,-0.2,0.9939,24003
2001-10-16,0.6989,0.8079,-0.2,0.9977,24270
2001-11-01,0.6054,0.7737,-0.2,1.0,24343
2001-11-17,0.7094,0.8029,-0.2,0.9615,24100
2001-12-03,0.6239,0.7573,-0.2,0.9855,24117
2001-12-19,0.6033,0.7241,-0.2,0.9612,24284
2002-01-01,0.6424,0.7389,-0.2,0.9983,23946
2002-01-17,0.6113,0.6873,-0.2,0.9704,23502
2002-02-02,0.5907,0.6426,-0.2,0.9557,23705
2002-02-18,0.5843,0.6021,-0.2,0.9546,23306
2002-03-06,0.5276,0.543,-0.2,0.9323,23614
2002-03-22,0.4866,0.4838,-0.1996,0.9224,23037
2002-04-07,0.5043,0.5021,-0.2,0.9496,23394
2002-04-23,0.4674,0.4902,-0.2,0.9248,24433
2002-05-09,0.4538,0.4702,-0.2,0.9474,24019
2002-05-25,0.6075,0.7021,-0.2,0.9706,23779
2002-06-10,0.7227,0.7914,-0.2,0.96,23350
2002-06-26,0.6377,0.7938,-0.2,0.9749,24466
2002-07-12,0.6681,0.8071,-0.2,0.965,24498
2002-07-28,0.6741,0.8082,-0.2,0.9748,24506
2002-08-13,0.6649,0.787,-0.2,0.9544,24137
2002-08-29,0.6842,0.7962,-0.2,0.9826,24072
2002-09-14,0.6862,0.8009,-0.2,0.9871,24180
2002-09-30,0.6996,0.8151,-0.2,0.9935,23766
2002-10-16,0.722,0.8195,-0.2,0.9672,24090
2002-11-01,0.6814,0.806,-0.2,0.9696,24112
2002-11-17,0.6702,0.8028,-0.2,0.9642,24244
2002-12-03,0.6673,0.7667,-0.2,1.0,23813
2002-12-19,0.6931,0.7625,-0.2,0.9802,23680
2003-01-01,0.6093,0.7034,-0.2,0.9846,23951
2003-01-17,0.5983,0.65,-0.2,0.9719,23089
2003-02-02,0.5644,0.6026,-0.2,1.0,23712
2003-02-18,0.5634,0.5892,-0.2,0.9196,23874
2003-03-06,0.537,0.5519,-0.2,0.9271,23894
2003-03-22,0.5446,0.5579,-0.2,0.9848,23808
2003-04-07,0.5263,0.5441,-0.1996,0.947,23693
2003-04-23,0.525,0.5702,-0.2,0.9665,24432
2003-05-09,0.5258,0.6279,-0.2,0.9492,24485
2003-05-25,0.663,0.7693,-0.2,0.9464,24426
2003-06-10,0.6503,0.7698,-0.2,0.9588,24508
2003-06-26,0.6198,0.7696,-0.2,0.9819,24496
2003-07-12,0.493,0.5892,-0.194,0.9653,24493
2003-07-28,0.6325,0.7832,-0.2,1.0,24489
2003-08-13,0.6725,0.7898,-0.2,0.987,24256
2003-08-29,0.7129,0.8171,-0.2,0.9916,24523
2003-09-14,0.6693,0.789,-0.2,0.9847,24456
2003-09-30,0.5707,0.7086,-0.1994,0.9888,24428
2003-10-16,0.6779,0.7974,-0.2,0.9821,24217
2003-11-01,0.6126,0.759,-0.2,0.9796,24456
2003-11-17,0.5857,0.7557,-0.2,0.9858,24404
2003-12-03,0.6304,0.7798,-0.1989,0.9516,24220
2003-12-19,0.5716,0.7174,-0.2,0.9624,24160
2004-01-01,0.5767,0.697,-0.2,0.9602,24322
2004-01-17,0.7037,0.7376,-0.2,0.9583,22909
2004-02-02,0.6017,0.6642,-0.2,0.9935,24338
2004-02-18,0.5896,0.6338,-0.2,0.9207,24107
2004-03-05,0.4718,0.5245,-0.2,0.9904,24446
2004-03-21,0.5469,0.5495,-0.2,0.9252,24068
2004-04-06,0.5087,0.5324,-0.2,0.9245,24361
2004-04-22,0.4857,0.5235,-0.2,0.9437,24308
2004-05-08,0.438,0.48,-0.1981,0.9345,24462
2004-05-24,0.5735,0.6608,-0.2,0.9446,24298
2004-06-09,0.6308,0.7684,-0.2,0.9663,24495
2004-06-25,0.6676,0.7956,-0.2,0.9916,24446
2004-07-11,0.5988,0.7606,-0.2,0.9684,24482
2004-07-27,0.6205,0.7708,-0.1961,0.9872,24505
2004-08-12,0.6339,0.7806,-0.2,0.9714,24492
2004-08-28,0.6871,0.8031,-0.1978,0.9642,24520
2004-09-13,0.7071,0.7947,-0.2,0.9942,24072
2004-09-29,0.6502,0.7784,-0.2,1.0,24502
2004-10-15,0.6817,0.8021,-0.2,0.9787,24322
2004-10-31,0.6848,0.8125,-0.2,0.967,24490
2004-11-16,0.64,0.7775,-0.2,1.0,24421
2004-12-02,0.6815,0.7881,-0.2,1.0,24148
2004-12-18,0.6148,0.7114,-0.1994,0.9555,23587
2005-01-01,0.5621,0.6713,-0.2,0.9839,23898
2005-01-17,0.5617,0.6137,-0.2,0.9265,22949
2005-02-02,0.5584,0.5821,-0.2,0.9637,23255
2005-02-18,0.5859,0.581,-0.2,1.0,23056
2005-03-06,0.5834,0.588,-0.2,0.9421,22865
2005-03-22,0.5376,0.5801,-0.2,0.9655,24259
2005-04-07,0.5112,0.5557,-0.2,0.9322,24483
2005-04-23,0.5975,0.6684,-0.2,0.9831,24437
2005-05-09,0.54,0.619,-0.2,0.9424,24479
2005-05-25,0.6181,0.7104,-0.2,0.9545,24014
2005-06-10,0.6366,0.7601,-0.2,0.9754,24408
2005-06-26,0.7298,0.8192,-0.2,0.9735,24475
2005-07-12,0.6123,0.738,-0.2,0.9763,24515
2005-07-28,0.5853,0.7482,-0.2,0.9682,24520
2005-08-13,0.6278,0.7591,-0.1994,0.9784,24488
2005-08-29,0.7118,0.8004,-0.2,1.0,24280
2005-09-14,0.6464,0.7838,-0.2,0.9642,24400
2005-09-30,0.4218,0.4081,-0.1995,0.979,24430
2005-10-16,0.7326,0.793,-0.2,0.9954,23261
2005-11-01,0.5572,0.7172,-0.2,0.9703,24388
2005-11-17,0.7237,0.8039,-0.2,0.9549,23956
2005-12-03,0.6755,0.781,-0.2,1.0,23853
2005-12-19,0.7045,0.7721,-0.2,0.9588,23600
2006-01-01,0.631,0.7231,-0.2,1.0,23702
2006-01-17,0.5742,0.6659,-0.2,0.9936,23900
2006-02-02,0.628,0.6744,-0.2,0.9267,23580
2006-02-18,0.5449,0.59,-0.2,0.9303,24186
2006-03-06,0.549,0.5826,-0.1994,0.9374,23944
2006-03-22,0.488,0.516,-0.2,0.9168,24002
2006-04-07,0.5657,0.5671,-0.2,0.9302,22990
2006-04-23,0.554,0.5641,-0.2,0.9264,23169
2006-05-09,0.5261,0.5941,-0.2,0.9533,24330
2006-05-25,0.5511,0.6739,-0.2,0.9529,24436
2006-06-10,0.7236,0.8119,-0.1997,0.9656,23595
2006-06-26,0.683,0.8104,-0.2,0.972,24042
2006-07-12,0.6263,0.7704,-0.2,0.9788,24409
2006-07-28,0.6629,0.7988,-0.2,0.9873,24514
2006-08-13,0.723,0.8214,-0.2,0.9748,23845
2006-08-29,0.6251,0.7532,-0.2,0.9904,24405
2006-09-14,0.6783,0.8029,-0.1995,0.9557,24491
2006-09-30,0.6951,0.8009,-0.2,0.9946,24131
2006-10-16,0.6111,0.7562,-0.2,0.9524,23780
2006-11-01,0.6725,0.7895,-0.2,0.9981,23602
2006-11-17,0.6739,0.7872,-0.2,0.9642,23236
2006-12-03,0.6653,0.7726,-0.2,0.9855,23612
2006-12-19,0.6775,0.7667,-0.2,1.0,23381
2007-01-01,0.6454,0.7236,-0.2,1.0,23212
2007-01-17,0.6148,0.6722,-0.2,0.9833,23739
2007-02-02,0.6314,0.6468,-0.2,1.0,22802
2007-02-18,0.5518,0.5732,-0.2,0.9204,23355
2007-03-06,0.5574,0.5716,-0.2,0.9174,23749
2007-03-22,0.5353,0.5387,-0.1995,0.9318,23270
2007-04-07,0.5993,0.6467,-0.2,0.9328,23725
2007-04-23,0.5545,0.6333,-0.2,0.9289,24367
2007-05-09,0.5574,0.6563,-0.2,0.9705,24268
2007-05-25,0.6586,0.7659,-0.2,0.9907,23044
2007-06-10,0.682,0.7956,-0.2,0.9936,24059
2007-06-26,0.6219,0.7713,-0.2,0.9593,24081
2007-07-12,0.6714,0.7903,-0.1927,0.9853,24523
2007-07-28,0.648,0.7837,-0.2,0.982,24474
2007-08-13,0.7299,0.8058,-0.2,1.0,23848
2007-08-29,0.7193,0.8113,-0.2,0.9927,23922
2007-09-14,0.6192,0.7605,-0.2,0.9928,24381
2007-09-30,0.6621,0.785,-0.2,0.9838,23491
2007-10-16,0.7175,0.807,-0.1997,0.9782,23275
2007-11-01,0.6918,0.785,-0.2,0.9815,23220
2007-11-17,0.6259,0.7621,-0.2,0.9593,23954
2007-12-03,0.6941,0.7595,-0.1996,0.9966,22905
2007-12-19,0.5963,0.7203,-0.2,0.9593,24263
2008-01-01,0.6692,0.735,-0.2,0.9676,23752
2008-01-17,0.6574,0.705,-0.2,0.9845,23022
2008-02-02,0.6315,0.6707,-0.2,0.9271,23387
2008-02-18,0.5686,0.6247,-0.2,0.9222,24322
2008-03-05,0.6059,0.626,-0.1997,0.9285,22985
2008-03-21,0.5483,0.5858,-0.2,0.952,23589
2008-04-06,0.5659,0.5836,-0.1989,0.9228,23212
2008-04-22,0.5466,0.5747,-0.2,0.9941,23824
2008-05-08,0.5539,0.6033,-0.2,0.9291,24144
2008-05-24,0.6149,0.7053,-0.2,0.9646,23514
2008-06-09,0.6526,0.7651,-0.2,0.9867,24361
2008-06-25,0.5619,0.6823,-0.2,0.9875,24474
2008-07-11,0.6252,0.7647,-0.2,0.9746,24350
2008-07-27,0.6621,0.7983,-0.2,0.9867,24415
2008-08-12,0.7206,0.8087,-0.2,0.9853,24111
2008-08-28,0.6935,0.7918,-0.1987,0.996,24005
2008-09-13,0.685,0.7755,-0.1992,0.9826,23598
2008-09-29,0.5587,0.6903,-0.1997,0.9824,24345
2008-10-15,0.6331,0.7695,-0.2,0.9932,24179
2008-10-31,0.7516,0.8055,-0.2,0.9519,23160
2008-11-16,0.5376,0.7272,-0.1985,0.9736,24185
2008-12-02,0.5745,0.7339,-0.2,0.9375,23919
2008-12-18,0.5727,0.7086,-0.2,0.9517,23881
2009-01-01,0.5882,0.7019,-0.2,0.939,24311
2009-01-17,0.6338,0.6926,-0.1996,1.0,23045
2009-02-02,0.5808,0.6302,-0.2,0.9536,23435
2009-02-18,0.5527,0.593,-0.2,0.9346,24061
2009-03-06,0.5113,0.5336,-0.2,0.9423,23912
2009-03-22,0.5699,0.561,-0.2,0.9227,22778
2009-04-07,0.5079,0.5301,-0.1997,0.9252,24202
2009-04-23,0.5279,0.5497,-0.1997,0.9481,23622
2009-05-09,0.5735,0.6455,-0.2,0.9406,23674
2009-05-25,0.6454,0.7436,-0.2,0.9928,24250
2009-06-10,0.6664,0.7881,-0.2,0.9526,24198
2009-06-26,0.6797,0.7884,-0.2,0.9555,23545
2009-07-12,0.6452,0.7864,-0.2,0.9541,24513
2009-07-28,0.6195,0.7687,-0.2,0.9812,24473
2009-08-13,0.6503,0.7685,-0.2,1.0,24078
2009-08-29,0.6848,0.7684,-0.2,1.0,23383
2009-09-14,0.6811,0.7778,-0.1996,1.0,23632
2009-09-30,0.7064,0.801,-0.2,0.9701,23849
2009-10-16,0.6438,0.7727,-0.2,1.0,23938
2009-11-01,0.6953,0.7924,-0.1992,0.9993,23485
2009-11-17,0.6438,0.7852,-0.2,0.9466,23869
2009-12-03,0.6956,0.7842,-0.2,0.9604,23557
2009-12-19,0.7334,0.7904,-0.2,0.9779,23022
2010-01-01,0.5995,0.6849,-0.2,0.9546,23799
2010-01-17,0.6268,0.661,-0.2,0.9736,22906
2010-02-02,0.6084,0.6358,-0.2,0.9273,23014
2010-02-18,0.4789,0.5245,-0.2,0.9577,24442
2010-03-06,0.5489,0.5761,-0.2,0.9192,24170
2010-03-22,0.504,0.5251,-0.2,0.9221,24273
2010-04-07,0.5359,0.5517,-0.2,0.9387,23943
2010-04-23,0.5864,0.6566,-0.2,0.9421,23600
2010-05-09,0.5773,0.6887,-0.1997,0.9559,24506
2010-05-25,0.6652,0.7726,-0.2,0.9629,23835
2010-06-10,0.6694,0.7735,-0.1995,0.9755,23516
2010-06-26,0.6022,0.7382,-0.2,0.9549,24267
2010-07-12,0.6179,0.7529,-0.2,0.9901,24493
2010-07-28,0.577,0.6987,-0.2,0.9987,24153
2010-08-13,0.6503,0.7714,-0.1997,0.9857,24320
2010-08-29,0.6931,0.7951,-0.1997,0.9989,24351
2010-09-14,0.542,0.6582,-0.2,0.9741,24227
2010-09-30,0.7434,0.797,-0.2,0.996,23433
2010-10-16,0.6104,0.7502,-0.2,0.9784,23599
2010-11-01,0.7755,0.8061,-0.2,0.9521,22646
2010-11-17,0.6429,0.7665,-0.2,0.9961,24059
2010-12-03,0.7495,0.7985,-0.2,0.9745,22998
2010-12-19,0.6033,0.7191,-0.2,0.9874,23760
2011-01-01,0.5214,0.6521,-0.2,0.9709,24316
2011-01-17,0.6505,0.7016,-0.2,0.9434,23443
2011-02-02,0.5444,0.6069,-0.2,0.9688,23781
2011-02-18,0.5681,0.6098,-0.2,0.9466,23944
2011-03-06,0.5793,0.6105,-0.2,0.9241,23855
2011-03-22,0.5361,0.5626,-0.1994,0.939,24364
2011-04-07,0.5565,0.5872,-0.1996,0.9399,24176
2011-04-23,0.5159,0.556,-0.2,0.9971,24249
2011-05-09,0.5525,0.6373,-0.2,0.996,24355
2011-05-25,0.6541,0.7574,-0.2,0.9705,23807
2011-06-10,0.6464,0.7724,-0.2,0.9717,24245
2011-06-26,0.6755,0.7887,-0.2,0.9574,23948
2011-07-12,0.5881,0.7445,-0.1996,0.9583,24488
2011-07-28,0.6623,0.7927,-0.2,0.9853,24404
2011-08-13,0.6528,0.7795,-0.2,0.9882,24518
2011-08-29,0.6522,0.7757,-0.2,0.9915,24475
2011-09-14,0.6957,0.7964,-0.2,0.9857,24188
2011-09-30,0.6282,0.7683,-0.2,0.9904,24405
2011-10-16,0.349,0.2131,-0.2,0.9929,24226
2011-11-01,0.7539,0.8122,-0.2,0.957,23048
2011-11-17,0.6876,0.7948,-0.2,0.9532,23522
2011-12-03,0.6646,0.7766,-0.1988,0.9602,23504
2011-12-19,0.6416,0.7524,-0.2,0.983,24010
2012-01-01,0.6243,0.7129,-0.2,0.983,24142
2012-01-17,0.6528,0.6995,-0.2,0.9432,23087
2012-02-02,0.5797,0.6265,-0.2,0.935,23409
2012-02-18,0.6115,0.6363,-0.2,0.9219,23142
2012-03-05,0.5365,0.5669,-0.2,0.9081,24098
2012-03-21,0.5506,0.5633,-0.2,0.9162,23450
2012-04-06,0.5608,0.5732,-0.2,0.9271,23466
2012-04-22,0.5923,0.6312,-0.2,0.951,23742
2012-05-08,0.5247,0.6057,-0.2,0.9727,24458
2012-05-24,0.657,0.7732,-0.2,0.9524,24499
2012-06-09,0.7289,0.8265,-0.2,0.9679,24397
2012-06-25,0.7086,0.8072,-0.2,0.9978,24442
2012-07-11,0.6197,0.7731,-0.2,0.9618,24423
2012-07-27,0.6638,0.7978,-0.2,0.9784,24303
2012-08-12,0.6966,0.7886,-0.2,0.9673,23906
2012-08-28,0.6436,0.7742,-0.2,0.9697,24483
2012-09-13,0.7298,0.8061,-0.1996,0.9869,23076
2012-09-29,0.6529,0.7824,-0.2,0.9876,24237
2012-10-15,0.7253,0.8124,-0.2,0.9771,23770
2012-10-31,0.6471,0.7873,-0.2,0.9703,24304
2012-11-16,0.6839,0.8044,-0.2,0.9602,24216
2012-12-02,0.6958,0.7663,-0.2,0.9959,23019
2012-12-18,0.6599,0.737,-0.2,0.9899,23757
2013-01-01,0.6314,0.6899,-0.1996,0.9386,23486
2013-01-17,0.5884,0.6296,-0.2,0.9564,23204
2013-02-02,0.6167,0.6272,-0.2,0.9722,23062
2013-02-18,0.5103,0.5323,-0.2,0.9466,23649
2013-03-06,0.5069,0.5228,-0.2,0.9298,23940
2013-03-22,0.5014,0.5128,-0.1996,0.9491,24379
2013-04-07,0.4841,0.4919,-0.2,0.9474,23777
2013-04-23,0.5636,0.5776,-0.1994,0.9485,23420
2013-05-09,0.5463,0.5846,-0.2,0.9891,23668
2013-05-25,0.584,0.6709,-0.2,0.9954,24168
2013-06-10,0.4908,0.5477,-0.1989,0.991,24471
2013-06-26,0.682,0.8041,-0.2,0.9991,24342
2013-07-12,0.6267,0.7796,-0.2,0.9772,24449
2013-07-28,0.6431,0.778,-0.2,0.9636,24332
2013-08-13,0.6428,0.7724,-0.2,0.9902,24364
2013-08-29,0.6947,0.7842,-0.2,0.9701,23601
2013-09-14,0.635,0.7579,-0.2,0.9708,24067
2013-09-30,0.6957,0.8132,-0.2,0.9986,24234
2013-10-16,0.6356,0.7758,-0.2,0.9801,24317
2013-11-01,0.7063,0.8098,-0.2,0.9796,24158
2013-11-17,0.7115,0.8038,-0.2,0.9785,23290
2013-12-03,0.6695,0.7833,-0.2,1.0,23918
2013-12-19,0.7041,0.7748,-0.2,0.9575,23338
2014-01-01,0.6956,0.7525,-0.2,0.9579,23010
2014-01-17,0.65,0.7099,-0.2,0.9543,23153
2014-02-02,0.6175,0.6555,-0.2,0.9373,23124
2014-02-18,0.6081,0.6308,-0.2,0.9306,23110
2014-03-06,0.5809,0.5949,-0.1991,0.9366,23200
2014-03-22,0.5187,0.541,-0.2,0.9171,23967
2014-04-07,0.4578,0.4882,-0.2,1.0,23973
2014-04-23,0.484,0.5202,-0.2,1.0,24294
2014-05-09,0.5729,0.6142,-0.1995,0.9822,23328
2014-05-25,0.5791,0.6731,-0.1997,0.9835,24175
2014-06-10,0.6203,0.75,-0.2,0.9765,23978
2014-06-26,0.5907,0.7402,-0.2,0.9857,24375
2014-07-12,0.5292,0.6732,-0.2,0.9891,24331
2014-07-28,0.6088,0.719,-0.2,0.9532,24267
2014-08-13,0.6047,0.7098,-0.2,0.9959,24319
2014-08-29,0.6353,0.7448,-0.2,1.0,23959
2014-09-14,0.71,0.8128,-0.1994,0.9978,24104
2014-09-30,0.599,0.769,-0.2,0.9741,24411
2014-10-16,0.7419,0.8194,-0.2,0.9948,23428
2014-11-01,0.743,0.8289,-0.2,0.9865,23457
2014-11-17,0.6627,0.7987,-0.2,0.989,23545
2014-12-03,0.6332,0.7811,-0.2,0.9782,24140
2014-12-19,0.6883,0.7707,-0.199,1.0,23370
2015-01-01,0.6094,0.7129,-0.2,0.9644,23804
2015-01-17,0.5958,0.6631,-0.2,0.9637,23636
2015-02-02,0.6165,0.6428,-0.2,0.9343,23165
2015-02-18,0.5898,0.6115,-0.2,0.9359,23335
2015-03-06,0.5116,0.5327,-0.2,0.9303,23831
2015-03-22,0.5374,0.542,-0.1997,0.9325,23691
2015-04-07,0.4682,0.4769,-0.1992,0.9405,23921
2015-04-23,0.492,0.5162,-0.2,0.9715,24384
2015-05-09,0.5157,0.5482,-0.2,0.9443,23539
2015-05-25,0.5501,0.6114,-0.2,0.9918,24495
2015-06-10,0.5845,0.7056,-0.2,0.9488,24427
2015-06-26,0.5995,0.7243,-0.2,0.9793,24464
2015-07-12,0.628,0.7624,-0.2,0.9605,24421
2015-07-28,0.5944,0.7135,-0.2,0.9781,23643
2015-08-13,0.6146,0.7352,-0.2,0.9805,24404
2015-08-29,0.5971,0.7012,-0.2,0.9914,24012
2015-09-14,0.6551,0.7649,-0.2,0.9964,24048
2015-09-30,0.7244,0.8093,-0.2,0.9942,23850
2015-10-16,0.6828,0.8062,-0.2,0.9951,23752
2015-11-01,0.6935,0.8072,-0.2,0.9831,24179
2015-11-17,0.7365,0.8201,-0.2,0.9822,23532
2015-12-03,0.6865,0.7982,-0.2,0.9839,23672
2015-12-19,0.6714,0.7767,-0.2,0.9973,23403
2016-01-01,0.7103,0.7639,-0.2,0.9727,23219
2016-01-17,0.5759,0.659,-0.1993,0.9568,24040
2016-02-02,0.5623,0.6135,-0.2,0.9923,23894
2016-02-18,0.4812,0.4867,-0.1993,0.9278,22827
2016-03-05,0.5529,0.5493,-0.1995,0.9293,23451
2016-03-21,0.5071,0.5031,-0.2,0.9538,23658
2016-04-06,0.4953,0.4925,-0.2,1.0,23626
2016-04-22,0.4136,0.4477,-0.2,0.9602,24446
2016-05-08,0.6034,0.6704,-0.2,0.9568,24427
2016-05-24,0.6771,0.7623,-0.2,0.9755,23520
2016-06-09,0.6282,0.7687,-0.2,0.9859,24448
2016-06-25,0.6154,0.7808,-0.2,0.9946,24431
2016-07-11,0.6369,0.783,-0.2,0.9864,23728
2016-07-27,0.6885,0.8025,-0.2,0.9883,23980
2016-08-12,0.6889,0.8033,-0.2,0.9741,23925
2016-08-28,0.6311,0.7737,-0.2,0.9828,24485
2016-09-13,0.6991,0.8053,-0.1996,0.9877,24299
2016-09-29,0.7198,0.8181,-0.2,0.9784,23597
2016-10-15,0.6366,0.7886,-0.2,0.9687,24383
2016-10-31,0.7325,0.8134,-0.2,1.0,23512
2016-11-16,0.6303,0.7804,-0.2,0.9652,24281
2016-12-02,0.675,0.7975,-0.2,0.9922,23560
2016-12-18,0.656,0.7921,-0.2,0.9981,23868
2017-01-01,0.6729,0.7665,-0.2,1.0,24001
2017-01-17,0.7042,0.7656,-0.2,0.9952,23674
2017-02-02,0.6405,0.7163,-0.2,0.96,24324
2017-02-18,0.645,0.6827,-0.2,0.9279,23376
2017-03-06,0.5497,0.5855,-0.2,0.9368,24033
2017-03-22,0.5731,0.5899,-0.2,0.9214,23657
2017-04-07,0.5192,0.5288,-0.1993,0.9544,23826
2017-04-23,0.521,0.5844,-0.2,0.9928,24477
2017-05-09,0.5943,0.7068,-0.2,0.9699,24519
2017-05-25,0.613,0.75,-0.2,0.9881,24466
2017-06-10,0.6282,0.7749,-0.2,0.9568,24401
2017-06-26,0.6228,0.7745,-0.2,0.9867,24479
2017-07-12,0.6626,0.7947,-0.2,0.9577,24287
2017-07-28,0.6165,0.77,-0.2,0.981,24469
2017-08-13,0.7085,0.8082,-0.2,0.9549,24190
2017-08-29,0.7429,0.8153,-0.2,0.996,23722
2017-09-14,0.6181,0.7594,-0.2,0.9835,24439
2017-09-30,0.5731,0.716,-0.1998,0.9755,24496
2017-10-16,0.6113,0.7338,-0.1995,0.9755,23988
2017-11-01,0.6529,0.7808,-0.2,0.9895,24151
2017-11-17,0.6885,0.7972,-0.1995,0.9647,23644
2017-12-03,0.666,0.7763,-0.2,1.0,23853
2017-12-19,0.6554,0.7567,-0.2,1.0,23922
2018-01-01,0.6363,0.7057,-0.2,1.0,23319
2018-01-17,0.576,0.6688,-0.2,0.9717,23874
2018-02-02,0.6193,0.6682,-0.2,0.9389,23573
2018-02-18,0.6279,0.653,-0.2,0.9428,22972
2018-03-06,0.5181,0.5534,-0.2,0.9831,23966
2018-03-22,0.5411,0.5612,-0.1995,0.9487,23890
2018-04-07,0.5445,0.5926,-0.2,0.9615,24488
2018-04-23,0.5837,0.6418,-0.2,0.9797,24275
2018-05-09,0.5577,0.6103,-0.2,0.9755,24072
2018-05-25,0.6431,0.757,-0.2,0.9757,24394
2018-06-10,0.6291,0.7581,-0.2,0.9626,24493
2018-06-26,0.5765,0.7557,-0.2,0.9635,24443
2018-07-12,0.5638,0.7388,-0.2,0.9912,24469
2018-07-28,0.6271,0.7842,-0.2,0.9753,24521
2018-08-13,0.6417,0.7922,-0.2,0.9684,24496
2018-08-29,0.7016,0.7831,-0.2,0.9684,23633
2018-09-14,0.6716,0.7846,-0.2,0.9631,24435
2018-09-30,0.6469,0.7898,-0.2,0.9885,24122
2018-10-16,0.6525,0.7799,-0.2,0.9958,24013
2018-11-01,0.6536,0.7937,-0.2,0.9916,23954
2018-11-17,0.6903,0.7971,-0.2,0.9931,24015
2018-12-03,0.6916,0.7839,-0.2,1.0,24082
2018-12-19,0.7284,0.7745,-0.1981,0.951,22949
2019-01-01,0.6375,0.6962,-0.2,0.9639,22937
2019-01-17,0.6407,0.6758,-0.1994,1.0,23062
2019-02-02,0.6089,0.6286,-0.2,0.9236,22954
2019-02-18,0.5561,0.5754,-0.2,0.9317,23407
2019-03-06,0.5231,0.533,-0.2,0.9529,23385
2019-03-22,0.494,0.4935,-0.1989,0.9425,23215
2019-04-07,0.5115,0.5213,-0.2,0.9444,23712
2019-04-23,0.4861,0.5116,-0.2,0.9551,23704
2019-05-09,0.503,0.5598,-0.2,0.9677,24199
2019-05-25,0.6744,0.7525,-0.2,1.0,23947
2019-06-10,0.5604,0.7259,-0.2,0.984,24478
2019-06-26,0.6193,0.7733,-0.2,0.9377,24465
2019-07-12,0.6241,0.7732,-0.1997,0.9651,24491
2019-07-28,0.6896,0.8067,-0.2,0.9548,24203
2019-08-13,0.6706,0.7901,-0.2,0.969,24099
2019-08-29,0.6466,0.7794,-0.1994,0.994,24445
2019-09-14,0.7341,0.8103,-0.2,0.9993,23421
2019-09-30,0.5821,0.7087,-0.2,0.9838,24382
2019-10-16,0.6469,0.7762,-0.2,0.9911,24418
2019-11-01,0.6962,0.81,-0.2,0.9814,23692
2019-11-17,0.671,0.799,-0.2,0.98,23908
2019-12-03,0.6758,0.7897,-0.2,0.9861,23869
2019-12-19,0.572,0.7183,-0.2,0.9855,23969
2020-01-01,0.6608,0.749,-0.2,0.9662,23685
2020-01-17,0.6,0.6824,-0.2,1.0,23249
2020-02-02,0.6179,0.6646,-0.1997,1.0,23502
2020-02-18,0.6248,0.6557,-0.1995,0.9413,23290
2020-03-05,0.5707,0.5859,-0.2,0.9952,23277
2020-03-21,0.5608,0.5617,-0.2,0.9422,23331
2020-04-06,0.5108,0.5304,-0.1996,0.949,24115
2020-04-22,0.5035,0.5451,-0.1996,1.0,24270
2020-05-08,0.5062,0.557,-0.2,0.9509,24408
2020-05-24,0.5668,0.687,-0.2,0.9926,24414
2020-06-09,0.5626,0.6851,-0.2,0.9644,24490
2020-06-25,0.6487,0.7853,-0.2,0.9676,24485
2020-07-11,0.6495,0.7945,-0.1997,0.9838,24517
2020-07-27,0.648,0.773,-0.2,0.9956,24453
2020-08-12,0.5731,0.6926,-0.2,0.9823,24489
2020-08-28,0.7196,0.7813,-0.2,0.9651,23715
2020-09-13,0.7208,0.8115,-0.2,0.9965,24063
2020-09-29,0.6922,0.8045,-0.2,0.9987,24064
2020-10-15,0.6429,0.7738,-0.2,0.98,24328
2020-10-31,0.6552,0.7895,-0.1991,0.9847,24205
2020-11-16,0.6088,0.7663,-0.2,0.984,23848
2020-12-02,0.7101,0.8038,-0.2,0.9698,23918
2020-12-18,0.7124,0.7795,-0.2,0.9685,23334
2021-01-01,0.6872,0.763,-0.2,0.9902,23531
2021-01-17,0.6346,0.7265,-0.2,1.0,23872
2021-02-02,0.6709,0.717,-0.2,0.9343,23221
2021-02-18,0.6043,0.6609,-0.2,0.9764,23961
2021-03-06,0.5801,0.6248,-0.1996,0.9399,24034
2021-03-22,0.5371,0.5711,-0.2,0.9581,23885
2021-04-07,0.5502,0.5926,-0.2,0.9856,23905
2021-04-23,0.6477,0.7272,-0.2,0.9743,24180
2021-05-09,0.6563,0.7635,-0.2,0.979,24429
2021-05-25,0.661,0.7709,-0.1972,0.9863,24089
2021-06-10,0.6738,0.7737,-0.2,1.0,23721
2021-06-26,0.7123,0.8268,-0.2,1.0,24240
2021-07-12,0.6394,0.7859,-0.2,0.9922,24420
2021-07-28,0.6791,0.8021,-0.2,0.9894,24413
2021-08-13,0.6307,0.7577,-0.2,0.9967,24464
2021-08-29,0.6593,0.778,-0.2,1.0,24429
2021-09-14,0.7017,0.8003,-0.2,0.9986,24017
2021-09-30,0.7071,0.811,-0.2,0.9913,24324
2021-10-16,0.7033,0.796,-0.2,1.0,23505
2021-11-01,0.7014,0.8073,-0.2,0.9965,23581
2021-11-17,0.6139,0.7667,-0.2,0.9981,24196
2021-12-03,0.6664,0.7656,-0.2,0.9829,23523
2021-12-19,0.6913,0.7638,-0.2,0.9916,23363
2022-01-01,0.6423,0.7158,-0.2,0.9903,23321
2022-01-17,0.6633,0.708,-0.1994,0.9682,23197
2022-02-02,0.6091,0.6573,-0.2,0.9706,23575
2022-02-18,0.5909,0.6215,-0.2,0.9687,23906
2022-03-06,0.5571,0.5731,-0.2,0.973,23623
2022-03-22,0.516,0.5386,-0.2,0.9936,24253
2022-04-07,0.5354,0.573,-0.2,0.9425,24425
2022-04-23,0.5863,0.6355,-0.2,0.989,23288
2022-05-09,0.6271,0.7358,-0.2,0.9932,24321
2022-05-25,0.703,0.796,-0.2,0.9856,23905
2022-06-10,0.5979,0.7342,-0.2,1.0,24476
2022-06-26,0.6031,0.7834,-0.2,1.0,24496
2022-07-12,0.678,0.8056,-0.2,0.9582,24440
2022-07-28,0.589,0.751,-0.2,0.9906,24377
2022-08-13,0.7095,0.795,-0.2,0.9937,23697
2022-08-29,0.7235,0.7929,-0.2,0.9932,23719
2022-09-14,0.7093,0.7999,-0.2,0.9987,23886
2022-09-30,0.6073,0.779,-0.2,0.9631,24509
2022-10-16,0.7047,0.7776,-0.1987,0.9817,23092
2022-11-01,0.6791,0.7882,-0.2,1.0,23946
2022-11-17,0.6103,0.7533,-0.2,0.9959,24332
2022-12-03,0.7049,0.7908,-0.2,0.9894,23606
2022-12-19,0.6833,0.7659,-0.2,0.9889,23598
2023-01-01,0.604,0.7146,-0.2,0.9953,24112
2023-01-17,0.6517,0.7137,-0.2,0.9934,23502
2023-02-02,0.551,0.6323,-0.2,0.971,24299
2023-02-18,0.5767,0.6202,-0.2,0.9906,23593
2023-03-06,0.5549,0.5912,-0.2,0.9991,23860
2023-03-22,0.5668,0.637,-0.1973,0.9822,24484
2023-04-07,0.5916,0.6373,-0.2,0.9934,23698
2023-04-23,0.6157,0.6848,-0.2,1.0,24464
2023-05-09,0.572,0.6292,-0.2,0.9975,24169
2023-05-25,0.6459,0.7245,-0.2,0.9985,24146
2023-06-10,0.7216,0.7864,-0.2,0.9831,23358
2023-06-26,0.6692,0.809,-0.2,0.9768,24500
2023-07-12,0.6334,0.8013,-0.2,0.9802,24410
2023-07-28,0.6782,0.7979,-0.2,0.974,23758
2023-08-13,0.6626,0.7817,-0.2,0.9557,24463
2023-08-29,0.7078,0.7921,-0.2,0.9986,23597
2023-09-14,0.707,0.818,-0.2,0.975,24470
2023-09-30,0.7288,0.8207,-0.2,0.9846,24217
2023-10-16,0.6323,0.7681,-0.2,0.9907,24286
2023-11-01,0.6716,0.8012,-0.2,0.9739,24310
2023-11-17,0.7339,0.8232,-0.2,1.0,24004
2023-12-03,0.73,0.8107,-0.2,0.9609,23464
2023-12-19,0.6986,0.7804,-0.2,0.9547,23959
2024-01-01,0.6993,0.777,-0.2,0.9462,24043
2024-01-17,0.5851,0.6907,-0.2,0.9512,23930
2024-02-02,0.688,0.7288,-0.2,0.9395,23064
2024-02-18,0.5997,0.6502,-0.2,0.9507,23722
2024-03-05,0.5657,0.6071,-0.1997,0.9567,24428
2024-03-21,0.5524,0.5701,-0.2,0.9518,23927
2024-04-06,0.5366,0.5554,-0.2,0.9367,24126
2024-04-22,0.5454,0.5616,-0.2,1.0,23810
2024-05-08,0.5323,0.5988,-0.2,0.9918,24491
2024-05-24,0.6734,0.7698,-0.2,0.9987,24507
2024-06-09,0.6435,0.7601,-0.2,0.9861,24278
2024-06-25,0.6626,0.7996,-0.2,0.9644,24508
2024-07-11,0.495,0.6487,-0.1994,0.9675,24515
2024-07-27,0.6355,0.7777,-0.2,0.989,24390
2024-08-12,0.6288,0.771,-0.2,0.9742,24508
2024-08-28,0.6751,0.7852,-0.2,0.9597,24537
2024-09-13,0.688,0.8055,-0.2,0.9885,24500
2024-09-29,0.7589,0.8209,-0.2,0.9917,23448
2024-10-15,0.7279,0.8156,-0.2,0.9914,23803
2024-10-31,0.5697,0.7176,-0.1996,1.0,24450
2024-11-16,0.6738,0.7888,-0.2,0.9935,23809
2024-12-02,0.6365,0.782,-0.2,0.9909,24126
2024-12-18,0.5486,0.7238,-0.2,0.9703,24372
2025-01-01,0.5353,0.702,-0.2,0.9504,24266
2025-01-17,0.5783,0.7149,-0.2,0.995,24477
2025-02-02,0.6259,0.7175,-0.2,0.9494,24002
2025-02-18,0.6663,0.7192,-0.1993,0.9444,23614
2025-03-06,0.6074,0.6701,-0.1994,0.9233,24294
2025-03-22,0.5077,0.5569,-0.199,0.9674,24449
2025-04-07,0.5757,0.6057,-0.1995,0.9747,24026
2025-04-23,0.5897,0.6241,-0.2,0.9428,23465
2025-05-09,0.5515,0.6585,-0.2,0.9494,24470
2025-05-25,0.6366,0.7561,-0.2,0.9649,24474
2025-06-10,0.5728,0.7394,-0.1991,0.9789,24522
2025-06-26,0.6399,0.7917,-0.2,1.0,24290
2025-07-12,0.6146,0.7944,-0.2,0.9907,24494
2025-07-28,0.6805,0.8101,-0.2,0.9691,24462
2025-08-13,0.6713,0.7861,-0.2,0.9923,24515
2025-08-29,0.5837,0.7409,-0.1992,0.9733,24504
2025-09-14,0.7274,0.8251,-0.2,1.0,24508
2025-09-30,0.7167,0.8126,-0.2,0.9631,24240
2025-10-16,0.7158,0.8092,-0.2,0.9796,23889
2025-11-01,0.5808,0.7754,-0.2,0.9878,24502
2025-11-17,0.6687,0.7978,-0.2,0.9808,24378
2025-12-03,0.6781,0.8008,-0.2,1.0,24454
2025-12-19,0.663,0.7781,-0.2,0.9437,24315
